repository,commit,date,author,message,package,lines_added,lines_removed,churn,num_files,files_changed,threshold_exceeded
Spring-Boot-in-Detailed-Way,CUMULATIVE,,,Cumulative across 71 commits,com.app.shivam,2993,0,2993,166,Session - 61\54-SpringBootRestProducerFirstEx\src\main\java\com\app\shivam\Application.java|Sessions - 119\84-SpringBootSecurityJwtAuthEx\src\test\java\com\app\shivam\ApplicationTests.java|Session - 63\56-SpringBootRestProducerMediaTypeInputEx\src\main\java\com\app\shivam\Application.java|Session - 77\62-JUnitWithMock\src\test\java\com\app\shivam\ServiceTest.java|Sessions - 101\73-SpringBootKafkaServiceEx\src\main\java\com\app\shivam\SpringBootKafkaServiceExApplication.java|Session - 14\18-SpringCoreAutowiredInterfaceRef\src\main\java\com\app\shivam\Test.java|Session - 19\23-SpringBootCoreInputEx\src\main\java\com\app\shivam\DatabaseCon.java|Session - 70\61-SpringBootRestCrudMySQLEx\src\main\java\com\app\shivam\ServletInitializer.java|Session - 19\22-SpringBootCoreRunnersEx\src\main\java\com\app\shivam\Application.java|Session - 95\71-SpringCloudMqProducerEx\src\main\java\com\app\shivam\SpringCloudMqProducerExApplication.java|Session - 27\33-SpringBootDataJpaEx\src\main\java\com\app\shivam\Application.java|Session - 91\67-SpringCloudOrderService\src\main\java\com\app\shivam\SpringCloudOrderServiceApplication.java|Session - 68\60-SpringBootRestProducer\src\main\java\com\app\shivam\Application.java|Session - 67\60-SpringBootRestConsumerEx\src\main\java\com\app\shivam\Application.java|Sessions - 110\78-SpringBootReactiveProducerEx\src\main\java\com\app\shivam\SpringBootReactiveProducerExApplication.java|Session - 81\64-SpringBootRestRedisCacheEx\src\main\java\com\app\shivam\Application.java|Session - 93\70-SpringCloudAdminServer\src\main\java\com\app\shivam\SpringCloudAdminServerApplication.java|Sessions - 132\88-SpringBootDockerTestEx\src\test\java\com\app\shivam\SpringBootDockerTestExApplicationTests.java|Session - 21\27-SpringBootLombokEx\src\main\java\com\app\shivam\TestDataRunner.java|Session - 95\72-SpringCloudMqConsumerEx\src\test\java\com\app\shivam\ApplicationTests.java|Sessions - 103\73-SpringCloudApiGatewayEx\src\test\java\com\app\shivam\SpringCloudApiGatewayExApplicationTests.java|Session - 23\29-SpringBootProfilesExTwo\src\main\java\com\app\shivam\Application.java|Sessions - 132\88-SpringBootDockerTestEx\src\main\java\com\app\shivam\SpringBootDockerTestExApplication.java|Session - 39\44-SpringBootDataJpaOneToOneEx\src\main\java\com\app\shivam\Application.java|Session - 26\32-HibernateWithJpaBasicEx\src\main\java\com\app\shivam\Employee.java|Session - 15\19-SpringCoreSpELEx\src\main\java\com\app\shivam\AppConfig.java|Session - 46\47-SpringBootWebAppFirstEx\src\main\java\com\app\shivam\Application.java|Session - 93\70-SpringCloudAdminServer\src\test\java\com\app\shivam\SpringCloudAdminServerApplicationTests.java|Sessions - 130\86-JUnitWithMockEx\src\main\java\com\app\shivam\ProcessInfo.java|Session - 36\40-SpringBootDataCollectionWithPrimitives\src\main\java\com\app\shivam\Application.java|Session - 77\62-JUnitWithMock\src\main\java\com\app\shivam\Repository.java|Session - 81\64-SpringBootRestRedisCacheEx\src\test\java\com\app\shivam\ApplicationTests.java|Session - 48\49-SpringBootWebAppFormBasicEx\src\main\java\com\app\shivam\Application.java|Session - 12\15-SpringBeanScopeAnnotationEx\src\main\java\com\app\shivam\AppConfig.java|Session - 75\61-SpringBootRestCrudMySQLEx\src\main\java\com\app\shivam\SpringBootRestCrudMySqlExApplication.java|Session - 14\18-SpringCoreAutowiredInterfaceRef\src\main\java\com\app\shivam\IProcess.java|Session - 20\25-SpringBootConfigPropsEx2\src\main\java\com\app\shivam\ReadDataRunner.java|Session - 77\62-JUnitWithMock\src\main\java\com\app\shivam\MathService.java|Session - 12\16-SpringBeanScopeJavaConfigEx\src\main\java\com\app\shivam\Test.java|Sessions - 131\87-SpringBootUnitTestEx\src\main\java\com\app\shivam\SpringBootUnitTestExApplication.java|Sessions - 130\86-JUnitWithMockEx\src\main\java\com\app\shivam\Service.java|Session - 20\25-SpringBootConfigPropsEx2\src\main\java\com\app\shivam\MyServiceData.java|Session - 92\69-SpringCloudSchedulerService\src\main\java\com\app\shivam\SpringCloudSchedulerServiceApplication.java|Session - 39\43-SpringBootDataJpaManyToManyEx\src\main\java\com\app\shivam\Application.java|Session - 43\45-SpringBootDataJpaNonSelctQuery\src\main\java\com\app\shivam\Application.java|Session - 65\58-SpringBootRestReturnTypesEx\src\main\java\com\app\shivam\Application.java|Session - 69\61-SpringBootRestCrudMySQLEx\src\main\java\com\app\shivam\SpringBootRestCrudMySqlExApplication.java|Session - 91\68-SpringCloudConfigServerEx\src\test\java\com\app\shivam\SpringCloudConfigServerExApplicationTests.java|Sessions - 114\81-SpringBootSecurityJdbcAuthEx\src\test\java\com\app\shivam\ApplicationTests.java|Session - 67\60-SpringBootRestProducer\src\main\java\com\app\shivam\Application.java|Session - 19\24-SpringBootConfigPropsEx\src\main\java\com\app\shivam\TestDbConRunner.java|Sessions - 138\89-SpringBootMailEx\src\main\java\com\app\shivam\SpringBootMailExApplication.java|Session - 15\19-SpringCoreSpELEx\src\main\java\com\app\shivam\ModelData.java|Session - 15\20-SpringCoreCirDep\src\main\java\com\app\shivam\Employee.java|Session - 19\24-SpringBootConfigPropsEx\src\main\java\com\app\shivam\DatabaseCon.java|Session - 12\15-SpringBeanScopeAnnotationEx\src\main\java\com\app\shivam\Test.java|Sessions - 107\75-SpringCloudAService\src\main\java\com\app\shivam\SpringCloudAServiceApplication.java|Sessions - 114\81-SpringBootSecurityJdbcAuthEx\src\main\java\com\app\shivam\Application.java|Session - 12\16-SpringBeanScopeJavaConfigEx\src\main\java\com\app\shivam\AppConfig.java|Session - 19\24-SpringBootConfigPropsEx\src\main\java\com\app\shivam\Application.java|Session - 23\28-SpringBootProfilesExOne\src\main\java\com\app\shivam\Application.java|Session - 68\60-SpringBootRestConsumerEx\src\main\java\com\app\shivam\Application.java|Session - 78\61-SpringBootRestCrudMySQLEx\src\main\java\com\app\shivam\ServletInitializer.java|Sessions - 130\86-JUnitWithMockEx\src\test\java\com\app\shivam\ConnectionUtilTest.java|Session - 14\18-SpringCoreAutowiredInterfaceRef\src\main\java\com\app\shivam\Format.java|Session - 31\35-SpringBootDataSortingAndPaging\src\main\java\com\app\shivam\Application.java|Sessions - 103\73-SpringCloudApiGatewayEx\src\main\java\com\app\shivam\SpringCloudApiGatewayExApplication.java|Session - 95\72-SpringCloudMqConsumerEx\src\main\java\com\app\shivam\Application.java|Sessions - 130\86-JUnitWithMockEx\src\main\java\com\app\shivam\Repository.java|Sessions - 109\78-SpringBootReactiveProducerEx\src\main\java\com\app\shivam\SpringBootReactiveProducerExApplication.java|Session - 21\26-SpringBootYamlEx\src\main\java\com\app\shivam\EmailConfig.java|Session - 20\25-SpringBootConfigPropsEx2\src\main\java\com\app\shivam\Process.java|Session - 35\39-SpringBootDataQueryEx2\src\main\java\com\app\shivam\Application.java|Session - 47\48-SpringBootWebAppModelEx\src\main\java\com\app\shivam\Application.java|Session - 42\42-SpringBootDataJpaOneToMany\src\main\java\com\app\shivam\Application.java|Session - 24\31-SpringBootProfilesEx4\src\main\java\com\app\shivam\Application.java|Session - 91\65-SpringCloudEurekaServer\src\test\java\com\app\shivam\SpringCloudEurekaServerApplicationTests.java|Session - 91\65-SpringCloudEurekaServer\src\main\java\com\app\shivam\SpringCloudEurekaServerApplication.java|Session - 37\41-SpringBootDataJpaManyToOne\src\main\java\com\app\shivam\Application.java|Sessions - 116\82-SpringBootSecurityOrmEx\src\test\java\com\app\shivam\ApplicationTests.java|Sessions - 111\79-SpringBootReactiveConsumerEx\src\main\java\com\app\shivam\SpringBootReactiveConsumerExApplication.java|Sessions - 118\83-JwtTokenBasics\src\main\java\com\app\shivam\Test.java|Session - 12\14-SpringBeanScopeXmlEx\src\main\java\com\app\shivam\Token.java|Sessions - 130\86-JUnitWithMockEx\src\test\java\com\app\shivam\ProcessTest.java|Session - 26\32-HibernateWithJpaBasicEx\src\main\java\com\app\shivam\TestOperations.java|Session - 12\14-SpringBeanScopeXmlEx\src\main\java\com\app\shivam\Test.java|Session - 57\53-SpringBootWebMvcThymeleafMySQLCrudEx\src\main\java\com\app\shivam\Application.java|Session - 34\38-SpringBootDataQueryEx\src\main\java\com\app\shivam\Application.java|Session - 66\59-SpringBootRestExceptionsEx\src\main\java\com\app\shivam\Application.java|Sessions - 109\78-SpringBootReactiveProducerEx\src\test\java\com\app\shivam\SpringBootReactiveProducerExApplicationTests.java|Session - 21\26-SpringBootYamlEx\src\main\java\com\app\shivam\Application.java|Sessions - 107\76-SpringCloudBService\src\test\java\com\app\shivam\SpringCloudBServiceApplicationTests.java|Session - 91\67-SpringCloudOrderService\src\test\java\com\app\shivam\SpringCloudOrderServiceApplicationTests.java|Session - 80\63-SpringBootRestH2DbTest\src\main\java\com\app\shivam\ServletInitializer.java|Session - 41\41-SpringBootDataJpaManyToOne\src\main\java\com\app\shivam\Application.java|Sessions - 130\86-JUnitWithMockEx\src\test\java\com\app\shivam\CalculatorTest.java|Sessions - 138\89-SpringBootMailEx\src\test\java\com\app\shivam\SpringBootMailExApplicationTests.java|Session - 16\21-SpringCoreSchedulingEx\src\main\java\com\app\shivam\AppConfig.java|Session - 80\63-SpringBootRestH2DbTest\src\main\java\com\app\shivam\SpringBootRestH2DbTestApplication.java|Session - 77\62-JUnitWithMock\src\main\java\com\app\shivam\Service.java|Session - 12\16-SpringBeanScopeJavaConfigEx\src\main\java\com\app\shivam\Token.java|Sessions - 119\84-SpringBootSecurityJwtAuthEx\src\main\java\com\app\shivam\Application.java|Session - 86\65-SpringCloudEurekaServer\src\main\java\com\app\shivam\SpringCloudEurekaServerApplication.java|Sessions - 130\86-JUnitWithMockEx\src\main\java\com\app\shivam\ConnectionUtil.java|Sessions - 104\73-SpringCloudApiGatewayEx\src\main\java\com\app\shivam\SpringCloudApiGatewayExApplication.java|Sessions - 104\73-SpringCloudApiGatewayEx\src\test\java\com\app\shivam\SpringCloudApiGatewayExApplicationTests.java|Sessions - 130\86-JUnitWithMockEx\src\main\java\com\app\shivam\Calculator.java|Session - 64\57-SpringBootRestPathVariableEx\src\main\java\com\app\shivam\Application.java|Session - 19\23-SpringBootCoreInputEx\src\main\java\com\app\shivam\TestObjRunner.java|Session - 75\61-SpringBootRestCrudMySQLEx\src\main\java\com\app\shivam\ServletInitializer.java|Sessions - 113\80-SpringBootSecurityInMemoryAuthEx\src\test\java\com\app\shivam\SpringBootSecurityInMemoryAuthExApplicationTests.java|Session - 95\71-SpringCloudMqProducerEx\src\test\java\com\app\shivam\SpringCloudMqProducerExApplicationTests.java|Sessions - 130\86-JUnitWithMockEx\src\test\java\com\app\shivam\TestMockProcessInfo.java|Session - 92\69-SpringCloudSchedulerService\src\test\java\com\app\shivam\SpringCloudSchedulerServiceApplicationTests.java|Session - 14\18-SpringCoreAutowiredInterfaceRef\src\main\java\com\app\shivam\ProcessImpl.java|Session - 91\68-SpringCloudConfigServerEx\src\main\java\com\app\shivam\SpringCloudConfigServerExApplication.java|Session - 78\61-SpringBootRestCrudMySQLEx\src\test\java\com\app\shivam\SpringBootRestCrudMySqlExApplicationTests.java|Session - 21\27-SpringBootLombokEx\src\main\java\com\app\shivam\Application.java|Session - 44\46-SpringBootDataJpaGeneratorsEx\src\main\java\com\app\shivam\Application.java|Session - 69\61-SpringBootRestCrudMySQLEx\src\main\java\com\app\shivam\ServletInitializer.java|Session - 80\63-SpringBootRestH2DbTest\src\test\java\com\app\shivam\SpringBootRestH2DbTestApplicationTests.java|Session - 14\18-SpringCoreAutowiredInterfaceRef\src\main\java\com\app\shivam\AdvProcessImpl.java|Session - 16\21-SpringCoreSchedulingEx\src\main\java\com\app\shivam\ProductReportService.java|Session - 21\26-SpringBootYamlEx\src\main\java\com\app\shivam\Certificate.java|Sessions - 113\80-SpringBootSecurityInMemoryAuthEx\src\main\java\com\app\shivam\SpringBootSecurityInMemoryAuthExApplication.java|Sessions - 110\78-SpringBootReactiveProducerEx\src\test\java\com\app\shivam\SpringBootReactiveProducerExApplicationTests.java|Sessions - 107\75-SpringCloudAService\src\test\java\com\app\shivam\SpringCloudAServiceApplicationTests.java|Session - 21\26-SpringBootYamlEx\src\main\java\com\app\shivam\CheckObjRunner.java|Session - 50\51-SpringBootWebAppThymeleaf\src\main\java\com\app\shivam\Application.java|Session - 70\61-SpringBootRestCrudMySQLEx\src\main\java\com\app\shivam\SpringBootRestCrudMySqlExApplication.java|Session - 15\20-SpringCoreCirDep\src\main\java\com\app\shivam\Project.java|Sessions - 105\73-SpringCloudApiGatewayEx\src\main\java\com\app\shivam\SpringCloudApiGatewayExApplication.java|Session - 16\21-SpringCoreSchedulingEx\src\main\java\com\app\shivam\Test.java|Sessions - 101\73-SpringBootKafkaServiceEx\src\test\java\com\app\shivam\SpringBootKafkaServiceExApplicationTests.java|Sessions - 111\79-SpringBootReactiveConsumerEx\src\test\java\com\app\shivam\SpringBootReactiveConsumerExApplicationTests.java|Sessions - 105\73-SpringCloudApiGatewayEx\src\test\java\com\app\shivam\SpringCloudApiGatewayExApplicationTests.java|Session - 15\20-SpringCoreCirDep\src\main\java\com\app\shivam\Test.java|Session - 77\62-JUnitWithMock\src\test\java\com\app\shivam\MathServiceTest.java|Sessions - 107\77-SpringCloudCService\src\test\java\com\app\shivam\SpringCloudCServiceApplicationTests.java|Sessions - 107\76-SpringCloudBService\src\main\java\com\app\shivam\SpringCloudBServiceApplication.java|Sessions - 130\86-JUnitWithMockEx\src\test\java\com\app\shivam\ServiceTest.java|Session - 20\25-SpringBootConfigPropsEx2\src\main\java\com\app\shivam\Application.java|Session - 15\19-SpringCoreSpELEx\src\main\java\com\app\shivam\Test.java|Session - 49\50-SpringBootWebAppMultiControllerEx\src\main\java\com\app\shivam\Application.java|Session - 29\34-SpringBootDataJpaCrudBasics\src\main\java\com\app\shivam\Application.java|Session - 24\31-SpringBootProfilesEx4\src\main\java\com\app\shivam\TestObjRunner.java|Sessions - 107\77-SpringCloudCService\src\main\java\com\app\shivam\SpringCloudCServiceApplication.java|Session - 21\27-SpringBootLombokEx\src\main\java\com\app\shivam\Process.java|Sessions - 116\82-SpringBootSecurityOrmEx\src\main\java\com\app\shivam\Application.java|Session - 62\55-SpringBootRestProducerMediaTypesEx\src\main\java\com\app\shivam\Application.java|Session - 32\36-SpringBootDataJpaRepoEx\src\main\java\com\app\shivam\Application.java|Session - 28\34-SpringBootDataJpaCrudBasics\src\main\java\com\app\shivam\Application.java|Session - 33\37-SpringBootDataJpaFindByEx\src\main\java\com\app\shivam\Application.java|Session - 12\15-SpringBeanScopeAnnotationEx\src\main\java\com\app\shivam\Token.java|Session - 19\23-SpringBootCoreInputEx\src\main\java\com\app\shivam\Application.java|Sessions - 114\81-SpringBootSecurityJdbcAuthEx\src\main\java\com\app\shivam\Test.java|Session - 38\42-SpringBootDataJpaOneToMany\src\main\java\com\app\shivam\Application.java|Session - 86\65-SpringCloudEurekaServer\src\test\java\com\app\shivam\SpringCloudEurekaServerApplicationTests.java|Session - 91\66-SpringCloudCartService\src\test\java\com\app\shivam\SpringCloudCartServiceApplicationTests.java|Session - 24\30-SpringBootProfilesEx3\src\main\java\com\app\shivam\Application.java|Session - 78\61-SpringBootRestCrudMySQLEx\src\main\java\com\app\shivam\SpringBootRestCrudMySqlExApplication.java|Sessions - 101\73-SpringBootKafkaServiceEx\src\main\java\com\app\shivam\Test.java|Session - 14\18-SpringCoreAutowiredInterfaceRef\src\main\java\com\app\shivam\AppConfig.java|Session - 51\52-SpringBootWebAppThymeleafExTwo\src\main\java\com\app\shivam\Application.java|Session - 15\19-SpringCoreSpELEx\src\main\java\com\app\shivam\Process.java|Session - 91\66-SpringCloudCartService\src\main\java\com\app\shivam\SpringCloudCartServiceApplication.java,True
Spring-Boot-in-Detailed-Way,CUMULATIVE,,,Cumulative across 14 commits,com.app.shivam.config,602,0,602,19,Sessions - 119\84-SpringBootSecurityJwtAuthEx\src\main\java\com\app\shivam\config\AppConfig.java|Sessions - 113\80-SpringBootSecurityInMemoryAuthEx\src\main\java\com\app\shivam\config\SecurityConfig.java|Sessions - 116\82-SpringBootSecurityOrmEx\src\main\java\com\app\shivam\config\AppConfig.java|Session - 24\31-SpringBootProfilesEx4\src\main\java\com\app\shivam\config\AppConfig.java|Session - 75\61-SpringBootRestCrudMySQLEx\src\main\java\com\app\shivam\config\SwaggerConfig.java|Sessions - 107\76-SpringCloudBService\src\main\java\com\app\shivam\config\AppConfig.java|Session - 78\61-SpringBootRestCrudMySQLEx\src\main\java\com\app\shivam\config\SwaggerConfig.java|Sessions - 107\77-SpringCloudCService\src\main\java\com\app\shivam\config\AppConfig.java|Sessions - 119\84-SpringBootSecurityJwtAuthEx\src\main\java\com\app\shivam\config\SecurityConfig.java|Sessions - 119\84-SpringBootSecurityJwtAuthEx\src\main\java\com\app\shivam\config\InvalidUserAuthenticationEntryPoint.java|Sessions - 105\73-SpringCloudApiGatewayEx\src\main\java\com\app\shivam\config\MyRouteConfig.java|Sessions - 116\82-SpringBootSecurityOrmEx\src\main\java\com\app\shivam\config\SecurityConfig.java|Sessions - 114\81-SpringBootSecurityJdbcAuthEx\src\main\java\com\app\shivam\config\SecurityConfig.java|Session - 69\61-SpringBootRestCrudMySQLEx\src\main\java\com\app\shivam\config\SwaggerConfig.java|Sessions - 107\75-SpringCloudAService\src\main\java\com\app\shivam\config\AppConfig.java|Sessions - 103\73-SpringCloudApiGatewayEx\src\main\java\com\app\shivam\config\MyRouteConfig.java|Session - 13\17-SpringCoreLMIEx\src\main\java\com\app\shivam\config\AppConfig.java|Session - 70\61-SpringBootRestCrudMySQLEx\src\main\java\com\app\shivam\config\SwaggerConfig.java|Sessions - 104\73-SpringCloudApiGatewayEx\src\main\java\com\app\shivam\config\MyRouteConfig.java,True
Spring-Boot-in-Detailed-Way,CUMULATIVE,,,Cumulative across 24 commits,com.app.shivam.runner,1625,0,1625,43,Session - 23\28-SpringBootProfilesExOne\src\main\java\com\app\shivam\runner\TestDataRunner.java|Session - 24\30-SpringBootProfilesEx3\src\main\java\com\app\shivam\runner\BackDataServiceRunner.java|Session - 29\34-SpringBootDataJpaCrudBasics\src\main\java\com\app\shivam\runner\TestOperationsRunner.java|Session - 41\41-SpringBootDataJpaManyToOne\src\main\java\com\app\shivam\runner\TestDataInsertRunner.java|Session - 67\60-SpringBootRestConsumerEx\src\main\java\com\app\shivam\runner\GetTestARunner2.java|Session - 68\60-SpringBootRestConsumerEx\src\main\java\com\app\shivam\runner\PutTestARunner.java|Session - 39\43-SpringBootDataJpaManyToManyEx\src\main\java\com\app\shivam\runner\TestDataInsertRunner.java|Session - 27\33-SpringBootDataJpaEx\src\main\java\com\app\shivam\runner\TestOprRunner.java|Session - 37\41-SpringBootDataJpaManyToOne\src\main\java\com\app\shivam\runner\TestDataInsertRunner.java|Session - 68\60-SpringBootRestConsumerEx\src\main\java\com\app\shivam\runner\GetTestARunner2.java|Session - 95\71-SpringCloudMqProducerEx\src\main\java\com\app\shivam\runner\TestSenderRunner.java|Session - 33\37-SpringBootDataJpaFindByEx\src\main\java\com\app\shivam\runner\TestDataRunner.java|Session - 67\60-SpringBootRestConsumerEx\src\main\java\com\app\shivam\runner\PutTestARunner.java|Session - 31\35-SpringBootDataSortingAndPaging\src\main\java\com\app\shivam\runner\TestCFetchDataRunner.java|Session - 34\38-SpringBootDataQueryEx\src\main\java\com\app\shivam\runner\TestEmployeeASaveRunner.java|Session - 67\60-SpringBootRestConsumerEx\src\main\java\com\app\shivam\runner\PostTestARunner.java|Session - 67\60-SpringBootRestConsumerEx\src\main\java\com\app\shivam\runner\GetTestBRunner.java|Session - 39\44-SpringBootDataJpaOneToOneEx\src\main\java\com\app\shivam\runner\TestDataInsertRunner.java|Session - 19\22-SpringBootCoreRunnersEx\src\main\java\com\app\shivam\runner\DatabaseConRunner.java|Session - 35\39-SpringBootDataQueryEx2\src\main\java\com\app\shivam\runner\TestDataRunner.java|Session - 42\42-SpringBootDataJpaOneToMany\src\main\java\com\app\shivam\runner\TestDataInsertRunner.java|Session - 31\35-SpringBootDataSortingAndPaging\src\main\java\com\app\shivam\runner\TestDFetchPagRunner.java|Session - 44\46-SpringBootDataJpaGeneratorsEx\src\main\java\com\app\shivam\runner\TestDataRunner.java|Session - 68\60-SpringBootRestConsumerEx\src\main\java\com\app\shivam\runner\GetTestARunner.java|Session - 68\60-SpringBootRestConsumerEx\src\main\java\com\app\shivam\runner\GetTestBRunner.java|Session - 31\35-SpringBootDataSortingAndPaging\src\main\java\com\app\shivam\runner\TestASaveRunner.java|Session - 24\30-SpringBootProfilesEx3\src\main\java\com\app\shivam\runner\DbUserSetupRunner.java|Session - 68\60-SpringBootRestConsumerEx\src\main\java\com\app\shivam\runner\PostTestARunner.java|Sessions - 111\79-SpringBootReactiveConsumerEx\src\main\java\com\app\shivam\runner\TestProducerCallRunner.java|Session - 67\60-SpringBootRestConsumerEx\src\main\java\com\app\shivam\runner\DeleteTestARunner.java|Session - 36\40-SpringBootDataCollectionWithPrimitives\src\main\java\com\app\shivam\runner\ProductDataRunner.java|Session - 31\35-SpringBootDataSortingAndPaging\src\main\java\com\app\shivam\runner\TestBDataFetchRunner.java|Session - 23\29-SpringBootProfilesExTwo\src\main\java\com\app\shivam\runner\TestDataRunner.java|Session - 28\34-SpringBootDataJpaCrudBasics\src\main\java\com\app\shivam\runner\TestOperationsRunner.java|Sessions - 138\89-SpringBootMailEx\src\main\java\com\app\shivam\runner\TestEmailRunner.java|Session - 19\22-SpringBootCoreRunnersEx\src\main\java\com\app\shivam\runner\EmailConfigRunner.java|Session - 67\60-SpringBootRestConsumerEx\src\main\java\com\app\shivam\runner\GetTestARunner.java|Session - 68\60-SpringBootRestConsumerEx\src\main\java\com\app\shivam\runner\DeleteTestARunner.java|Session - 19\22-SpringBootCoreRunnersEx\src\main\java\com\app\shivam\runner\MessageRunner.java|Session - 32\36-SpringBootDataJpaRepoEx\src\main\java\com\app\shivam\runner\StudentTestRunner.java|Session - 38\42-SpringBootDataJpaOneToMany\src\main\java\com\app\shivam\runner\TestDataInsertRunner.java|Session - 43\45-SpringBootDataJpaNonSelctQuery\src\main\java\com\app\shivam\runner\TestDataRunner.java|Session - 24\30-SpringBootProfilesEx3\src\main\java\com\app\shivam\runner\MessageRunner.java,True
Spring-Boot-in-Detailed-Way,CUMULATIVE,,,Cumulative across 38 commits,com.app.raghu,1036,0,1036,46,Session - 20\25-SpringBootConfigPropsEx2\src\test\java\com\app\raghu\ApplicationTests.java|Session - 63\56-SpringBootRestProducerMediaTypeInputEx\src\test\java\com\app\raghu\ApplicationTests.java|Session - 29\34-SpringBootDataJpaCrudBasics\src\test\java\com\app\raghu\ApplicationTests.java|Session - 50\51-SpringBootWebAppThymeleaf\src\test\java\com\app\raghu\ApplicationTests.java|Session - 57\53-SpringBootWebMvcThymeleafMySQLCrudEx\src\test\java\com\app\raghu\ApplicationTests.java|Session - 64\57-SpringBootRestPathVariableEx\src\test\java\com\app\raghu\ApplicationTests.java|Session - 23\29-SpringBootProfilesExTwo\src\test\java\com\app\raghu\ApplicationTests.java|Session - 19\22-SpringBootCoreRunnersEx\src\test\java\com\app\raghu\ApplicationTests.java|Session - 33\37-SpringBootDataJpaFindByEx\src\test\java\com\app\raghu\ApplicationTests.java|Session - 42\42-SpringBootDataJpaOneToMany\src\test\java\com\app\raghu\ApplicationTests.java|Session - 46\47-SpringBootWebAppFirstEx\src\test\java\com\app\raghu\ApplicationTests.java|Session - 44\46-SpringBootDataJpaGeneratorsEx\src\test\java\com\app\raghu\ApplicationTests.java|Session - 24\30-SpringBootProfilesEx3\src\test\java\com\app\raghu\ApplicationTests.java|Session - 34\38-SpringBootDataQueryEx\src\test\java\com\app\raghu\ApplicationTests.java|Session - 24\31-SpringBootProfilesEx4\src\test\java\com\app\raghu\ApplicationTests.java|Session - 62\55-SpringBootRestProducerMediaTypesEx\src\test\java\com\app\raghu\ApplicationTests.java|Session - 49\50-SpringBootWebAppMultiControllerEx\src\test\java\com\app\raghu\ApplicationTests.java|Session - 38\42-SpringBootDataJpaOneToMany\src\test\java\com\app\raghu\ApplicationTests.java|Session - 43\45-SpringBootDataJpaNonSelctQuery\src\test\java\com\app\raghu\ApplicationTests.java|Session - 48\49-SpringBootWebAppFormBasicEx\src\test\java\com\app\raghu\ApplicationTests.java|Session - 47\48-SpringBootWebAppModelEx\src\test\java\com\app\raghu\ApplicationTests.java|Session - 41\41-SpringBootDataJpaManyToOne\src\test\java\com\app\raghu\ApplicationTests.java|Session - 37\41-SpringBootDataJpaManyToOne\src\test\java\com\app\raghu\ApplicationTests.java|Session - 75\61-SpringBootRestCrudMySQLEx\src\test\java\com\app\raghu\SpringBootRestCrudMySqlExApplicationTests.java|Session - 70\61-SpringBootRestCrudMySQLEx\src\test\java\com\app\raghu\SpringBootRestCrudMySqlExApplicationTests.java|Session - 35\39-SpringBootDataQueryEx2\src\test\java\com\app\raghu\ApplicationTests.java|Session - 19\23-SpringBootCoreInputEx\src\test\java\com\app\raghu\ApplicationTests.java|Session - 69\61-SpringBootRestCrudMySQLEx\src\test\java\com\app\raghu\SpringBootRestCrudMySqlExApplicationTests.java|Session - 67\60-SpringBootRestProducer\src\test\java\com\app\raghu\ApplicationTests.java|Session - 39\44-SpringBootDataJpaOneToOneEx\src\test\java\com\app\raghu\ApplicationTests.java|Session - 36\40-SpringBootDataCollectionWithPrimitives\src\test\java\com\app\raghu\ApplicationTests.java|Session - 19\24-SpringBootConfigPropsEx\src\test\java\com\app\raghu\ApplicationTests.java|Session - 31\35-SpringBootDataSortingAndPaging\src\test\java\com\app\raghu\ApplicationTests.java|Session - 23\28-SpringBootProfilesExOne\src\test\java\com\app\raghu\ApplicationTests.java|Session - 21\27-SpringBootLombokEx\src\test\java\com\app\raghu\ApplicationTests.java|Session - 39\43-SpringBootDataJpaManyToManyEx\src\test\java\com\app\raghu\ApplicationTests.java|Session - 65\58-SpringBootRestReturnTypesEx\src\test\java\com\app\raghu\ApplicationTests.java|Session - 21\26-SpringBootYamlEx\src\test\java\com\app\raghu\ApplicationTests.java|Session - 67\60-SpringBootRestConsumerEx\src\test\java\com\app\raghu\ApplicationTests.java|Session - 32\36-SpringBootDataJpaRepoEx\src\test\java\com\app\raghu\ApplicationTests.java|Session - 27\33-SpringBootDataJpaEx\src\test\java\com\app\raghu\ApplicationTests.java|Session - 68\60-SpringBootRestConsumerEx\src\test\java\com\app\raghu\ApplicationTests.java|Session - 51\52-SpringBootWebAppThymeleafExTwo\src\test\java\com\app\raghu\ApplicationTests.java|Session - 68\60-SpringBootRestProducer\src\test\java\com\app\raghu\ApplicationTests.java|Session - 28\34-SpringBootDataJpaCrudBasics\src\test\java\com\app\raghu\ApplicationTests.java|Session - 66\59-SpringBootRestExceptionsEx\src\test\java\com\app\raghu\ApplicationTests.java,True
Spring-Boot-in-Detailed-Way,CUMULATIVE,,,Cumulative across 37 commits,com.app.shivam.entity,1378,0,1378,49,Session - 43\45-SpringBootDataJpaNonSelctQuery\src\main\java\com\app\shivam\entity\Product.java|Session - 39\43-SpringBootDataJpaManyToManyEx\src\main\java\com\app\shivam\entity\Student.java|Session - 78\61-SpringBootRestCrudMySQLEx\src\main\java\com\app\shivam\entity\Student.java|Session - 62\55-SpringBootRestProducerMediaTypesEx\src\main\java\com\app\shivam\entity\Role.java|Session - 80\63-SpringBootRestH2DbTest\src\main\java\com\app\shivam\entity\Book.java|Session - 63\56-SpringBootRestProducerMediaTypeInputEx\src\main\java\com\app\shivam\entity\Employee.java|Sessions - 116\82-SpringBootSecurityOrmEx\src\main\java\com\app\shivam\entity\User.java|Session - 62\55-SpringBootRestProducerMediaTypesEx\src\main\java\com\app\shivam\entity\User.java|Session - 41\41-SpringBootDataJpaManyToOne\src\main\java\com\app\shivam\entity\Department.java|Session - 44\46-SpringBootDataJpaGeneratorsEx\src\main\java\com\app\shivam\entity\Product.java|Session - 68\60-SpringBootRestConsumerEx\src\main\java\com\app\shivam\entity\BookAtConsumer.java|Session - 42\42-SpringBootDataJpaOneToMany\src\main\java\com\app\shivam\entity\Model.java|Session - 34\38-SpringBootDataQueryEx\src\main\java\com\app\shivam\entity\Employee.java|Session - 81\64-SpringBootRestRedisCacheEx\src\main\java\com\app\shivam\entity\User.java|Session - 37\41-SpringBootDataJpaManyToOne\src\main\java\com\app\shivam\entity\Department.java|Session - 39\44-SpringBootDataJpaOneToOneEx\src\main\java\com\app\shivam\entity\User.java|Session - 37\41-SpringBootDataJpaManyToOne\src\main\java\com\app\shivam\entity\Employee.java|Session - 27\33-SpringBootDataJpaEx\src\main\java\com\app\shivam\entity\Student.java|Session - 35\39-SpringBootDataQueryEx2\src\main\java\com\app\shivam\entity\Book.java|Session - 28\34-SpringBootDataJpaCrudBasics\src\main\java\com\app\shivam\entity\Product.java|Session - 39\44-SpringBootDataJpaOneToOneEx\src\main\java\com\app\shivam\entity\Role.java|Session - 65\58-SpringBootRestReturnTypesEx\src\main\java\com\app\shivam\entity\Book.java|Session - 70\61-SpringBootRestCrudMySQLEx\src\main\java\com\app\shivam\entity\Student.java|Sessions - 119\84-SpringBootSecurityJwtAuthEx\src\main\java\com\app\shivam\entity\User.java|Session - 57\53-SpringBootWebMvcThymeleafMySQLCrudEx\src\main\java\com\app\shivam\entity\Employee.java|Session - 91\66-SpringCloudCartService\src\main\java\com\app\shivam\entity\Cart.java|Sessions - 131\87-SpringBootUnitTestEx\src\main\java\com\app\shivam\entity\Movie.java|Sessions - 110\78-SpringBootReactiveProducerEx\src\main\java\com\app\shivam\entity\Student.java|Session - 32\36-SpringBootDataJpaRepoEx\src\main\java\com\app\shivam\entity\Student.java|Session - 33\37-SpringBootDataJpaFindByEx\src\main\java\com\app\shivam\entity\Book.java|Session - 42\42-SpringBootDataJpaOneToMany\src\main\java\com\app\shivam\entity\Product.java|Session - 69\61-SpringBootRestCrudMySQLEx\src\main\java\com\app\shivam\entity\Student.java|Session - 38\42-SpringBootDataJpaOneToMany\src\main\java\com\app\shivam\entity\Product.java|Session - 67\60-SpringBootRestProducer\src\main\java\com\app\shivam\entity\Book.java|Session - 38\42-SpringBootDataJpaOneToMany\src\main\java\com\app\shivam\entity\Model.java|Session - 36\40-SpringBootDataCollectionWithPrimitives\src\main\java\com\app\shivam\entity\Product.java|Session - 67\60-SpringBootRestConsumerEx\src\main\java\com\app\shivam\entity\BookAtConsumer.java|Session - 29\34-SpringBootDataJpaCrudBasics\src\main\java\com\app\shivam\entity\Product.java|Session - 68\60-SpringBootRestProducer\src\main\java\com\app\shivam\entity\Book.java|Sessions - 101\73-SpringBootKafkaServiceEx\src\main\java\com\app\shivam\entity\StockInfo.java|Session - 91\67-SpringCloudOrderService\src\main\java\com\app\shivam\entity\Cart.java|Session - 41\41-SpringBootDataJpaManyToOne\src\main\java\com\app\shivam\entity\Employee.java|Session - 31\35-SpringBootDataSortingAndPaging\src\main\java\com\app\shivam\entity\Employee.java|Sessions - 109\78-SpringBootReactiveProducerEx\src\main\java\com\app\shivam\entity\Student.java|Session - 66\59-SpringBootRestExceptionsEx\src\main\java\com\app\shivam\entity\Product.java|Session - 75\61-SpringBootRestCrudMySQLEx\src\main\java\com\app\shivam\entity\Student.java|Session - 63\56-SpringBootRestProducerMediaTypeInputEx\src\main\java\com\app\shivam\entity\Address.java|Sessions - 111\79-SpringBootReactiveConsumerEx\src\main\java\com\app\shivam\entity\Student.java|Session - 39\43-SpringBootDataJpaManyToManyEx\src\main\java\com\app\shivam\entity\Course.java,True
Spring-Boot-in-Detailed-Way,CUMULATIVE,,,Cumulative across 29 commits,com.app.shivam.repo,531,0,531,36,Session - 39\44-SpringBootDataJpaOneToOneEx\src\main\java\com\app\shivam\repo\UserRepository.java|Session - 41\41-SpringBootDataJpaManyToOne\src\main\java\com\app\shivam\repo\EmployeeRepository.java|Session - 39\43-SpringBootDataJpaManyToManyEx\src\main\java\com\app\shivam\repo\StudentRepository.java|Session - 57\53-SpringBootWebMvcThymeleafMySQLCrudEx\src\main\java\com\app\shivam\repo\EmployeeRepository.java|Sessions - 131\87-SpringBootUnitTestEx\src\main\java\com\app\shivam\repo\MovieRepository.java|Session - 38\42-SpringBootDataJpaOneToMany\src\main\java\com\app\shivam\repo\ProductRepository.java|Sessions - 119\84-SpringBootSecurityJwtAuthEx\src\main\java\com\app\shivam\repo\UserRepository.java|Session - 34\38-SpringBootDataQueryEx\src\main\java\com\app\shivam\repo\EmployeeRepository.java|Session - 81\64-SpringBootRestRedisCacheEx\src\main\java\com\app\shivam\repo\UserRepository.java|Session - 37\41-SpringBootDataJpaManyToOne\src\main\java\com\app\shivam\repo\EmployeeRepository.java|Session - 37\41-SpringBootDataJpaManyToOne\src\main\java\com\app\shivam\repo\DepartmentRepository.java|Session - 39\44-SpringBootDataJpaOneToOneEx\src\main\java\com\app\shivam\repo\RoleRepository.java|Session - 28\34-SpringBootDataJpaCrudBasics\src\main\java\com\app\shivam\repo\ProductRepository.java|Session - 36\40-SpringBootDataCollectionWithPrimitives\src\main\java\com\app\shivam\repo\ProductRepository.java|Session - 27\33-SpringBootDataJpaEx\src\main\java\com\app\shivam\repo\StudentRepository.java|Session - 44\46-SpringBootDataJpaGeneratorsEx\src\main\java\com\app\shivam\repo\ProductRepository.java|Sessions - 101\73-SpringBootKafkaServiceEx\src\main\java\com\app\shivam\repo\StockInfoRepository.java|Session - 32\36-SpringBootDataJpaRepoEx\src\main\java\com\app\shivam\repo\StudentRepository.java|Session - 42\42-SpringBootDataJpaOneToMany\src\main\java\com\app\shivam\repo\ModelRepository.java|Session - 43\45-SpringBootDataJpaNonSelctQuery\src\main\java\com\app\shivam\repo\ProductRepository.java|Session - 35\39-SpringBootDataQueryEx2\src\main\java\com\app\shivam\repo\BookRepository.java|Session - 31\35-SpringBootDataSortingAndPaging\src\main\java\com\app\shivam\repo\EmployeeRepository.java|Session - 75\61-SpringBootRestCrudMySQLEx\src\main\java\com\app\shivam\repo\StudentRepository.java|Sessions - 109\78-SpringBootReactiveProducerEx\src\main\java\com\app\shivam\repo\StudentRepository.java|Session - 33\37-SpringBootDataJpaFindByEx\src\main\java\com\app\shivam\repo\BookRepository.java|Session - 78\61-SpringBootRestCrudMySQLEx\src\main\java\com\app\shivam\repo\StudentRepository.java|Session - 39\43-SpringBootDataJpaManyToManyEx\src\main\java\com\app\shivam\repo\CourseRepository.java|Session - 29\34-SpringBootDataJpaCrudBasics\src\main\java\com\app\shivam\repo\ProductRepository.java|Session - 80\63-SpringBootRestH2DbTest\src\main\java\com\app\shivam\repo\BookRepository.java|Session - 41\41-SpringBootDataJpaManyToOne\src\main\java\com\app\shivam\repo\DepartmentRepository.java|Session - 42\42-SpringBootDataJpaOneToMany\src\main\java\com\app\shivam\repo\ProductRepository.java|Session - 69\61-SpringBootRestCrudMySQLEx\src\main\java\com\app\shivam\repo\StudentRepository.java|Sessions - 116\82-SpringBootSecurityOrmEx\src\main\java\com\app\shivam\repo\UserRepository.java|Session - 70\61-SpringBootRestCrudMySQLEx\src\main\java\com\app\shivam\repo\StudentRepository.java|Session - 38\42-SpringBootDataJpaOneToMany\src\main\java\com\app\shivam\repo\ModelRepository.java|Sessions - 110\78-SpringBootReactiveProducerEx\src\main\java\com\app\shivam\repo\StudentRepository.java,True
Spring-Boot-in-Detailed-Way,CUMULATIVE,,,Cumulative across 12 commits,com.app.shivam.controller,593,0,593,14,Session - 49\50-SpringBootWebAppMultiControllerEx\src\main\java\com\app\shivam\controller\EmployeController.java|Sessions - 116\82-SpringBootSecurityOrmEx\src\main\java\com\app\shivam\controller\HomeController.java|Session - 46\47-SpringBootWebAppFirstEx\src\main\java\com\app\shivam\controller\UserController.java|Session - 57\53-SpringBootWebMvcThymeleafMySQLCrudEx\src\main\java\com\app\shivam\controller\EmployeeController.java|Sessions - 116\82-SpringBootSecurityOrmEx\src\main\java\com\app\shivam\controller\UserController.java|Session - 47\48-SpringBootWebAppModelEx\src\main\java\com\app\shivam\controller\UserController.java|Sessions - 113\80-SpringBootSecurityInMemoryAuthEx\src\main\java\com\app\shivam\controller\HomeController.java|Sessions - 114\81-SpringBootSecurityJdbcAuthEx\src\main\java\com\app\shivam\controller\HomeController.java|Session - 48\49-SpringBootWebAppFormBasicEx\src\main\java\com\app\shivam\controller\EmployeeController.java|Session - 50\51-SpringBootWebAppThymeleaf\src\main\java\com\app\shivam\controller\ProductController.java|Session - 51\52-SpringBootWebAppThymeleafExTwo\src\main\java\com\app\shivam\controller\BookController.java|Sessions - 132\88-SpringBootDockerTestEx\src\main\java\com\app\shivam\controller\HomeController.java|Session - 61\54-SpringBootRestProducerFirstEx\src\main\java\com\app\shivam\controller\ProductRestController.java|Session - 49\50-SpringBootWebAppMultiControllerEx\src\main\java\com\app\shivam\controller\ProductController.java,True
Spring-Boot-in-Detailed-Way,CUMULATIVE,,,Cumulative across 19 commits,com.app.shivam.rest,1291,0,1291,22,Session - 75\61-SpringBootRestCrudMySQLEx\src\main\java\com\app\shivam\rest\StudentRestController.java|Session - 66\59-SpringBootRestExceptionsEx\src\main\java\com\app\shivam\rest\ProductRestController.java|Session - 67\60-SpringBootRestProducer\src\main\java\com\app\shivam\rest\BookRestController.java|Session - 80\63-SpringBootRestH2DbTest\src\main\java\com\app\shivam\rest\BookRestController.java|Session - 68\60-SpringBootRestProducer\src\main\java\com\app\shivam\rest\BookRestController.java|Sessions - 107\76-SpringCloudBService\src\main\java\com\app\shivam\rest\ProcessBRestController.java|Session - 62\55-SpringBootRestProducerMediaTypesEx\src\main\java\com\app\shivam\rest\UserRestController.java|Session - 64\57-SpringBootRestPathVariableEx\src\main\java\com\app\shivam\rest\ProductRestController.java|Session - 91\67-SpringCloudOrderService\src\main\java\com\app\shivam\rest\OrderRestController.java|Sessions - 119\84-SpringBootSecurityJwtAuthEx\src\main\java\com\app\shivam\rest\UserRestController.java|Sessions - 107\77-SpringCloudCService\src\main\java\com\app\shivam\rest\ProcessCRestController.java|Sessions - 101\73-SpringBootKafkaServiceEx\src\main\java\com\app\shivam\rest\StockRestController.java|Session - 70\61-SpringBootRestCrudMySQLEx\src\main\java\com\app\shivam\rest\StudentRestController.java|Sessions - 107\75-SpringCloudAService\src\main\java\com\app\shivam\rest\ProcessARestController.java|Session - 78\61-SpringBootRestCrudMySQLEx\src\main\java\com\app\shivam\rest\StudentRestController.java|Sessions - 110\78-SpringBootReactiveProducerEx\src\main\java\com\app\shivam\rest\StudentRestController.java|Session - 65\58-SpringBootRestReturnTypesEx\src\main\java\com\app\shivam\rest\BookRestController.java|Session - 91\66-SpringCloudCartService\src\main\java\com\app\shivam\rest\CartRestController.java|Session - 81\64-SpringBootRestRedisCacheEx\src\main\java\com\app\shivam\rest\UserRestController.java|Session - 69\61-SpringBootRestCrudMySQLEx\src\main\java\com\app\shivam\rest\StudentRestController.java|Session - 63\56-SpringBootRestProducerMediaTypeInputEx\src\main\java\com\app\shivam\rest\EmployeeRestController.java|Sessions - 109\78-SpringBootReactiveProducerEx\src\main\java\com\app\shivam\rest\StudentRestController.java,True
MOOC-Java-course,CUMULATIVE,,,Cumulative across 5 commits,com.sherv.javatutorials.lesson1,264,284,548,2,Project 1\Hello World\src\com\sherv\javatutorials\lesson1\Main.java|Project 1\Hello World\src\com\sherv\javatutorials\lesson1\package-info.java,True
MOOC-Java-course,CUMULATIVE,,,Cumulative across 4 commits,test.java,11723,0,11723,143,mooc-java-programming-i\part04-Part04_29.RecordsFromAFile\src\test\java\RecordsFromAFileTest.java|mooc-java-programming-i\part01-Part01_21.AverageOfTwoNumbers\src\test\java\AverageOfTwoNumbersTest.java|mooc-java-programming-i\part02-Part02_16.FromWhereToWhere\src\test\java\WhereToTest.java|mooc-java-programming-i\part02-Part02_31.Greatest\src\test\java\GreatestTest.java|mooc-java-programming-i\part02-Part02_20.RepeatingBreakingAndRemembering\src\test\java\Part1Test.java|mooc-java-programming-i\part03-Part03_14.OnTheList\src\test\java\OnTheListTest.java|mooc-java-programming-i\part03-Part03_32.PersonalDetails\src\test\java\HenkilotietojenTarkasteluTest.java|mooc-java-programming-i\part03-Part03_19.IndexWasNotFound\src\test\java\IndexWasNotFoundTest.java|mooc-java-programming-i\part04-Part04_10.Song\src\test\java\SongTest.java|mooc-java-programming-i\part01-Part01_37.GiftTax\src\test\java\GiftTaxTest.java|mooc-java-programming-i\part02-Part02_20.RepeatingBreakingAndRemembering\src\test\java\Part5bTest.java|mooc-java-programming-i\part04-Part04_25.PrintingASpecifiedFile\src\test\java\PrintingASpecifiedFileTest.java|mooc-java-programming-i\part03-Part03_16.Sum\src\test\java\SumTest.java|mooc-java-programming-i\part04-Part04_18.PersonalInformation\src\test\java\PersonalInformationCollectionTest.java|mooc-java-programming-i\part04-Part04_24.PrintingAFile\src\test\java\PrintingAFileTest.java|mooc-java-programming-i\part03-Part03_08.OnlyTheseNumbers\src\test\java\OnlyTheseNumbersTest.java|mooc-java-programming-i\part03-Part03_28.FirstWords\src\test\java\FirstWordsTest.java|mooc-java-programming-i\part04-Part04_17.Items\src\test\java\ItemsTest.java|mooc-java-programming-i\part01-Part01_29.Adulthood\src\test\java\AdulthoodTest.java|mooc-java-programming-i\part03-Part03_17.RemoveLast\src\test\java\RemoveLastTest.java|mooc-java-programming-i\part03-Part03_13.AverageOfAList\src\test\java\AverageOfAListTest.java|mooc-java-programming-i\part01-Part01_36.LeapYear\src\test\java\LeapYearTest.java|mooc-java-programming-i\part01-Part01_33.Password\src\test\java\PasswordTest.java|mooc-java-programming-i\part02-Part02_22.Reprint\src\test\java\ReprintTest.java|mooc-java-programming-i\part03-Part03_09.GreatestInList\src\test\java\GreatestInListTest.java|mooc-java-programming-i\part04-Part04_11.Film\src\test\java\FilmTest.java|mooc-java-programming-i\part01-Part01_10.Story\src\test\java\StoryTest.java|mooc-java-programming-i\part01-Part01_19.AdditionFormula\src\test\java\AdditionFormulaTest.java|mooc-java-programming-i\part03-Part03_25.Login\src\test\java\LoginTest.java|mooc-java-programming-i\part04-Part04_19.TelevisionPrograms\src\test\java\TelevisionProgramTest.java|mooc-java-programming-i\part02-Part02_11.NumberAndSumOfNumbers\src\test\java\NumberAndSumOfNumbersTest.java|mooc-java-programming-i\part02-Part02_26.DivisibleByThree\src\test\java\DivisibleByThreeTest.java|mooc-java-programming-i\part02-Part02_04.ComparingNumbers\src\test\java\ComparingNumbersTest.java|mooc-java-programming-i\part04-Part04_16.PaymentCard\src\test\java\PaymentCardTest.java|mooc-java-programming-i\part01-Part01_17.SumOfTwoNumbers\src\test\java\SumOfTwoNumbersTest.java|mooc-java-programming-i\part04-Part04_15.NumberStatistics\src\test\java\StatisticsATest.java|mooc-java-programming-i\part03-Part03_18.Swap\src\test\java\SwapTest.java|mooc-java-programming-i\part01-Part01_18.SumOfThreeNumbers\src\test\java\SumOfThreeNumbersTest.java|mooc-java-programming-i\part02-Part02_09.NumberOfNegativeNumbers\src\test\java\NumberOfNegativeNumbersTest.java|mooc-java-programming-i\part03-Part03_24.IsItTrue\src\test\java\IsItTrueTest.java|mooc-java-programming-i\part04-Part04_20.Books\src\test\java\BooksTest.java|mooc-java-programming-i\part02-Part02_18.SumOfASequenceTheSequel\src\test\java\SumOfASequenceTheSequelTest.java|mooc-java-programming-i\part02-Part02_13.AverageOfPositiveNumbers\src\test\java\AverageOfPositiveNumbersTest.java|mooc-java-programming-i\part02-Part02_07.OnlyPositives\src\test\java\OnlyPositivesTest.java|mooc-java-programming-i\part02-Part02_10.SumOfNumbers\src\test\java\SumOfNumbersTest.java|mooc-java-programming-i\part02-Part02_33.StarSign\src\test\java\StarSignTest.java|mooc-java-programming-i\part01-Part01_22.AverageOfThreeNumbers\src\test\java\AverageOfThreeNumbersTest.java|mooc-java-programming-i\part01-Part01_23.SimpleCalculator\src\test\java\SimpleCalculatorTest.java|mooc-java-programming-i\part02-Part02_19.Factorial\src\test\java\FactorialTest.java|mooc-java-programming-i\part02-Part02_27.NumberUno\src\test\java\NumberUnoTest.java|mooc-java-programming-i\part04-Part04_26.GuestListFromAFile\src\test\java\GuestListFromAFileTest.java|mooc-java-programming-i\part02-Part02_03.AbsoluteValue\src\test\java\AbsoluteValueTest.java|mooc-java-programming-i\part01-Part01_12.IntegerInput\src\test\java\IntegerInputTest.java|mooc-java-programming-i\part02-Part02_29.Summation\src\test\java\SummationTest.java|mooc-java-programming-i\part02-Part02_30.Smallest\src\test\java\SmallestTest.java|mooc-java-programming-i\part02-Part02_15.CountingToHundred\src\test\java\CountingToHundredTest.java|mooc-java-programming-i\part04-Part04_02.YourFirstBankTransfer\src\test\java\YourFirstBankTransferTest.java|mooc-java-programming-i\part04-Part04_13.Agent\src\test\java\AgentTest.java|mooc-java-programming-i\part01-Part01_35.CheckingTheAge\src\test\java\CheckingTheAgeTest.java|mooc-java-programming-i\part04-Part04_07.Product\src\test\java\ProductTest.java|mooc-java-programming-i\part02-Part02_25.Division\src\test\java\DivisionTest.java|mooc-java-programming-i\part02-Part02_02.SquareRootOfSum\src\test\java\SquareRootOfSumTest.java|mooc-java-programming-i\part02-Part02_24.FromParameterToOne\src\test\java\FromParameterToOneTest.java|mooc-java-programming-i\part03-Part03_29.LastWords\src\test\java\LastWordsTest.java|mooc-java-programming-i\part04-Part04_15.NumberStatistics\src\test\java\StatisticsBTest.java|mooc-java-programming-i\part02-Part02_08.NumberOfNumbers\src\test\java\NumberOfNumbersTest.java|mooc-java-programming-i\part02-Part02_01.Squared\src\test\java\SquaredTest.java|mooc-java-programming-i\part02-Part02_28.Word\src\test\java\WordTest.java|mooc-java-programming-i\part04-Part04_14.Multiplier\src\test\java\MultiplierTest.java|mooc-java-programming-i\part03-Part03_04.ListSize\src\test\java\ListSizeTest.java|mooc-java-programming-i\part01-Part01_09.Conversation\src\test\java\ConversationTest.java|mooc-java-programming-i\part01-Part01_26.Orwell\src\test\java\OrwellTest.java|mooc-java-programming-i\part01-Part01_31.GradesAndPoints\src\test\java\GradesAndPointsTest.java|mooc-java-programming-i\part03-Part03_22.PrintInStars\src\test\java\PrinterTest.java|mooc-java-programming-i\part04-Part04_23.CreatingANewFile\src\test\java\CreatingANewFileTest.java|mooc-java-programming-i\part04-Part04_02.YourFirstBankTransfer\src\test\java\MockInOut.java|mooc-java-programming-i\part04-Part04_21.NumberOfStrings\src\test\java\NumberOfStringsTest.java|mooc-java-programming-i\part01-Part01_14.BooleanInput\src\test\java\BooleanInputTest.java|mooc-java-programming-i\part03-Part03_05.LastInList\src\test\java\LastInListTest.java|mooc-java-programming-i\part03-Part03_10.IndexOf\src\test\java\IndexOfTest.java|mooc-java-programming-i\part04-Part04_22.Cubes\src\test\java\CubestTest.java|mooc-java-programming-i\part03-Part03_03.IndexOutOfBoundsException\src\test\java\IoobProgramTest.java|mooc-java-programming-i\part04-Part04_06.Door\src\test\java\DoorTest.java|mooc-java-programming-i\part01-Part01_27.Ancient\src\test\java\AncientTest.java|mooc-java-programming-i\part01-Part01_07.MessageThreeTimes\src\test\java\MessageThreeTimesTest.java|mooc-java-programming-i\part02-Part02_12.AverageOfNumbers\src\test\java\AverageOfNumbersTest.java|mooc-java-programming-i\part03-Part03_26.LineByLine\src\test\java\LineByLineTest.java|mooc-java-programming-i\part01-Part01_32.OddOrEven\src\test\java\OddOrEvenTest.java|mooc-java-programming-i\part02-Part02_20.RepeatingBreakingAndRemembering\src\test\java\Osa2Test.java|mooc-java-programming-i\part03-Part03_07.RememberTheseNumbers\src\test\java\RememberTheseNumbersTest.java|mooc-java-programming-i\part01-Part01_08.Greeting\src\test\java\GreetingTest.java|mooc-java-programming-i\part03-Part03_06.FirstAndLast\src\test\java\FirstAndLastTest.java|mooc-java-programming-i\part01-Part01_01.Sandbox\src\test\java\SandboxTest.java|mooc-java-programming-i\part01-Part01_20.MultiplicationFormula\src\test\java\MultiplicationFormulaTest.java|mooc-java-programming-i\part03-Part03_31.NameOfTheOldest\src\test\java\NameOfTheOldestTest.java|mooc-java-programming-i\part01-Part01_34.Same\src\test\java\SameTest.java|mooc-java-programming-i\part01-Part01_02.AdaLovelace\src\test\java\AdaLovelaceTest.java|mooc-java-programming-i\part01-Part01_15.DifferentTypesOfInput\src\test\java\DifferentTypesOfInputTest.java|mooc-java-programming-i\part03-Part03_11.IndexOfSmallest\src\test\java\IndexOfSmallestTest.java|mooc-java-programming-i\part03-Part03_02.SecondPlusThird\src\test\java\SecondPlusThirdTest.java|mooc-java-programming-i\part03-Part03_21.PrintNeatly\src\test\java\ArrayPrinterTest.java|mooc-java-programming-i\part04-Part04_30.StoringRecords\src\test\java\StoringRecordsTest.java|mooc-java-programming-i\part01-Part01_13.DoubleInput\src\test\java\DoubleInputTest.java|mooc-java-programming-i\part02-Part02_05.CarryOn\src\test\java\CarryOnTest.java|mooc-java-programming-i\part02-Part02_14.Counting\src\test\java\CountingTest.java|mooc-java-programming-i\part04-Part04_27.IsItInTheFile\src\test\java\IsItInTheFileTest.java|mooc-java-programming-i\part03-Part03_01.ThirdElement\src\test\java\ThirdElementTest.java|mooc-java-programming-i\part04-Part04_01.YourFirstAccount\src\test\java\YourFirstAccountTest.java|mooc-java-programming-i\part01-Part01_03.OnceUponATime\src\test\java\OnceUponATimeTest.java|mooc-java-programming-i\part04-Part04_01.YourFirstAccount\src\test\java\MockInOut.java|mooc-java-programming-i\part04-Part04_12.Gauge\src\test\java\GaugeTest.java|mooc-java-programming-i\part01-Part01_28.Positivity\src\test\java\PositivityTest.java|mooc-java-programming-i\part01-Part01_11.VariousVariables\src\test\java\VariousVariablesTest.java|mooc-java-programming-i\part03-Part03_27.AVClub\src\test\java\AVClubTest.java|mooc-java-programming-i\part02-Part02_16.FromWhereToWhere\src\test\java\WhereFromTest.java|mooc-java-programming-i\part02-Part02_20.RepeatingBreakingAndRemembering\src\test\java\Part3Test.java|mooc-java-programming-i\part02-Part02_20.RepeatingBreakingAndRemembering\src\test\java\Part5Test.java|mooc-java-programming-i\part02-Part02_21.InAHoleInTheGround\src\test\java\InAHoleInTheGroundTest.java|mooc-java-programming-i\part02-Part02_34.AdvancedAstrology\src\test\java\AdvancedAstrologyTest.java|mooc-java-programming-i\part03-Part03_12.SumOfAList\src\test\java\SumOfAListTest.java|mooc-java-programming-i\part04-Part04_03.DogAttributes\src\test\java\DogTest.java|mooc-java-programming-i\part01-Part01_05.Message\src\test\java\MessageTest.java|mooc-java-programming-i\part02-Part02_06.AreWeThereYet\src\test\java\AreWeThereYetTest.java|mooc-java-programming-i\part01-Part01_04.Dinosaur\src\test\java\DinosaurTest.java|mooc-java-programming-i\part02-Part02_32.Averaging\src\test\java\AveragingTest.java|mooc-java-programming-i\part04-Part04_31.SportStatistics\src\test\java\SportStatisticTest.java|mooc-java-programming-i\part01-Part01_30.LargerThanOrEqualTo\src\test\java\LargerThanOrEqualToTest.java|mooc-java-programming-i\part02-Part02_17.SumOfASequence\src\test\java\SumOfASequenceTest.java|mooc-java-programming-i\part01-Part01_16.SecondsInADay\src\test\java\SecondsInADayTest.java|mooc-java-programming-i\part04-Part04_04.Room\src\test\java\RoomTest.java|mooc-java-programming-i\part01-Part01_06.HiAdaLovelace\src\test\java\HiAdaLovelaceTest.java|mooc-java-programming-i\part02-Part02_20.RepeatingBreakingAndRemembering\src\test\java\Part4Test.java|mooc-java-programming-i\part03-Part03_20.SumOfArray\src\test\java\SumOfArrayTest.java|mooc-java-programming-i\part04-Part04_28.NumbersFromAFile\src\test\java\NumbersFromAFileTest.java|mooc-java-programming-i\part03-Part03_30.AgeOfTheOldest\src\test\java\AgeOfTheOldestTest.java|mooc-java-programming-i\part03-Part03_23.PrintThrice\src\test\java\PrintThriceTest.java|mooc-java-programming-i\part04-Part04_05.Whistle\src\test\java\WhistleTest.java|mooc-java-programming-i\part02-Part02_23.FromOneToParameter\src\test\java\FromOneToParameterTest.java|mooc-java-programming-i\part03-Part03_15.PrintInRange\src\test\java\PrintInRangeTest.java|mooc-java-programming-i\part04-Part04_08.DecreasingCounter\src\test\java\DecreasingCounterTest.java|mooc-java-programming-i\part01-Part01_24.SpeedingTicket\src\test\java\SpeedingTicketTest.java|mooc-java-programming-i\part04-Part04_09.Debt\src\test\java\DebtTest.java|mooc-java-programming-i\part01-Part01_25.CheckYourIndentation\src\test\java\CheckYourIndentationTest.java,True
